PRAGMA defer_foreign_keys=TRUE;
INSERT INTO "_emdash_migrations" ("name","timestamp") VALUES('001_initial','2026-04-06T11:19:18.332Z');
INSERT INTO "_emdash_migrations" ("name","timestamp") VALUES('002_media_status','2026-04-06T11:19:18.573Z');
INSERT INTO "_emdash_migrations" ("name","timestamp") VALUES('003_schema_registry','2026-04-06T11:19:19.110Z');
INSERT INTO "_emdash_migrations" ("name","timestamp") VALUES('004_plugins','2026-04-06T11:19:19.538Z');
INSERT INTO "_emdash_migrations" ("name","timestamp") VALUES('005_menus','2026-04-06T11:19:20.003Z');
INSERT INTO "_emdash_migrations" ("name","timestamp") VALUES('006_taxonomy_defs','2026-04-06T11:19:20.251Z');
INSERT INTO "_emdash_migrations" ("name","timestamp") VALUES('007_widgets','2026-04-06T11:19:20.582Z');
INSERT INTO "_emdash_migrations" ("name","timestamp") VALUES('008_auth','2026-04-06T11:19:21.846Z');
INSERT INTO "_emdash_migrations" ("name","timestamp") VALUES('009_user_disabled','2026-04-06T11:19:22.082Z');
INSERT INTO "_emdash_migrations" ("name","timestamp") VALUES('011_sections','2026-04-06T11:19:22.497Z');
INSERT INTO "_emdash_migrations" ("name","timestamp") VALUES('012_search','2026-04-06T11:19:22.739Z');
INSERT INTO "_emdash_migrations" ("name","timestamp") VALUES('013_scheduled_publishing','2026-04-06T11:19:22.904Z');
INSERT INTO "_emdash_migrations" ("name","timestamp") VALUES('014_draft_revisions','2026-04-06T11:19:23.027Z');
INSERT INTO "_emdash_migrations" ("name","timestamp") VALUES('015_indexes','2026-04-06T11:19:23.697Z');
INSERT INTO "_emdash_migrations" ("name","timestamp") VALUES('016_api_tokens','2026-04-06T11:19:24.474Z');
INSERT INTO "_emdash_migrations" ("name","timestamp") VALUES('017_authorization_codes','2026-04-06T11:19:24.846Z');
INSERT INTO "_emdash_migrations" ("name","timestamp") VALUES('018_seo','2026-04-06T11:19:25.178Z');
INSERT INTO "_emdash_migrations" ("name","timestamp") VALUES('019_i18n','2026-04-06T11:19:25.513Z');
INSERT INTO "_emdash_migrations" ("name","timestamp") VALUES('020_collection_url_pattern','2026-04-06T11:19:25.685Z');
INSERT INTO "_emdash_migrations" ("name","timestamp") VALUES('021_remove_section_categories','2026-04-06T11:19:26.015Z');
INSERT INTO "_emdash_migrations" ("name","timestamp") VALUES('022_marketplace_plugin_state','2026-04-06T11:19:26.394Z');
INSERT INTO "_emdash_migrations" ("name","timestamp") VALUES('023_plugin_metadata','2026-04-06T11:19:26.676Z');
INSERT INTO "_emdash_migrations" ("name","timestamp") VALUES('024_media_placeholders','2026-04-06T11:19:26.912Z');
INSERT INTO "_emdash_migrations" ("name","timestamp") VALUES('025_oauth_clients','2026-04-06T11:19:27.127Z');
INSERT INTO "_emdash_migrations" ("name","timestamp") VALUES('026_cron_tasks','2026-04-06T11:19:27.599Z');
INSERT INTO "_emdash_migrations" ("name","timestamp") VALUES('027_comments','2026-04-06T11:19:28.620Z');
INSERT INTO "_emdash_migrations" ("name","timestamp") VALUES('028_drop_author_url','2026-04-06T11:19:28.787Z');
INSERT INTO "_emdash_migrations" ("name","timestamp") VALUES('029_redirects','2026-04-06T11:19:29.446Z');
INSERT INTO "_emdash_migrations" ("name","timestamp") VALUES('030_widen_scheduled_index','2026-04-06T11:19:29.570Z');
INSERT INTO "_emdash_migrations" ("name","timestamp") VALUES('031_bylines','2026-04-06T11:19:30.251Z');
INSERT INTO "_emdash_migrations" ("name","timestamp") VALUES('032_rate_limits','2026-04-06T11:19:30.573Z');
INSERT INTO "_emdash_migrations_lock" ("id","is_locked") VALUES('migration_lock',0);
INSERT INTO "options" ("name","value") VALUES('emdash:exclusive_hook:comment:moderate','"emdash-default-comment-moderator"');
INSERT INTO "options" ("name","value") VALUES('site:title','"Lakeside Lactation"');
INSERT INTO "options" ("name","value") VALUES('site:tagline','"Helping you build confidence and reach the breastfeeding goals that matter to you."');
INSERT INTO "options" ("name","value") VALUES('emdash:site_url','"https://lakeside-lactation.vince-75c.workers.dev"');
INSERT INTO "options" ("name","value") VALUES('emdash:setup_complete','true');
INSERT INTO "_emdash_collections" ("id","slug","label","label_singular","description","icon","supports","source","created_at","updated_at","search_config","has_seo","url_pattern","comments_enabled","comments_moderation","comments_closed_after_days","comments_auto_approve_users") VALUES('01KNH8T8WK0TXT24X4EMZZ3QBQ','testimonials','Testimonials',NULL,NULL,NULL,'[]','seed','2026-04-06 11:28:30','2026-04-06 11:28:30',NULL,0,NULL,0,'first_time',90,1);
INSERT INTO "_emdash_collections" ("id","slug","label","label_singular","description","icon","supports","source","created_at","updated_at","search_config","has_seo","url_pattern","comments_enabled","comments_moderation","comments_closed_after_days","comments_auto_approve_users") VALUES('01KNH8TBNKZA5GZY2KXEBAD040','faqs','FAQs',NULL,NULL,NULL,'[]','seed','2026-04-06 11:28:32','2026-04-06 11:28:32',NULL,0,NULL,0,'first_time',90,1);
INSERT INTO "_emdash_collections" ("id","slug","label","label_singular","description","icon","supports","source","created_at","updated_at","search_config","has_seo","url_pattern","comments_enabled","comments_moderation","comments_closed_after_days","comments_auto_approve_users") VALUES('01KNH8TE5AQE3MW6GRGAP29TV9','services','Services',NULL,NULL,NULL,'[]','seed','2026-04-06 11:28:35','2026-04-06 11:28:35',NULL,0,NULL,0,'first_time',90,1);
INSERT INTO "_emdash_collections" ("id","slug","label","label_singular","description","icon","supports","source","created_at","updated_at","search_config","has_seo","url_pattern","comments_enabled","comments_moderation","comments_closed_after_days","comments_auto_approve_users") VALUES('01KNH8TJAJNHCXR6K65VESMK7X','form_submissions','Form Submissions',NULL,NULL,NULL,'[]','seed','2026-04-06 11:28:39','2026-04-06 11:28:39',NULL,0,NULL,0,'first_time',90,1);
INSERT INTO "_emdash_fields" ("id","collection_id","slug","label","type","column_type","required","unique","default_value","validation","widget","options","sort_order","created_at","searchable","translatable") VALUES('01KNH8TABC5HVN68TG06GFVWMJ','01KNH8T8WK0TXT24X4EMZZ3QBQ','name','Client Name','string','TEXT',0,0,NULL,NULL,NULL,NULL,0,'2026-04-06 11:28:31',0,1);
INSERT INTO "_emdash_fields" ("id","collection_id","slug","label","type","column_type","required","unique","default_value","validation","widget","options","sort_order","created_at","searchable","translatable") VALUES('01KNH8TATA09AQGD54DB0YK3DX','01KNH8T8WK0TXT24X4EMZZ3QBQ','quote','Quote','text','TEXT',0,0,NULL,NULL,NULL,NULL,1,'2026-04-06 11:28:32',0,1);
INSERT INTO "_emdash_fields" ("id","collection_id","slug","label","type","column_type","required","unique","default_value","validation","widget","options","sort_order","created_at","searchable","translatable") VALUES('01KNH8TB8EYMZV91P5H1YBWBKM','01KNH8T8WK0TXT24X4EMZZ3QBQ','role','Role','string','TEXT',0,0,NULL,NULL,NULL,NULL,2,'2026-04-06 11:28:32',0,1);
INSERT INTO "_emdash_fields" ("id","collection_id","slug","label","type","column_type","required","unique","default_value","validation","widget","options","sort_order","created_at","searchable","translatable") VALUES('01KNH8TD71T88WZ5X7SB6VYW3S','01KNH8TBNKZA5GZY2KXEBAD040','question','Question','string','TEXT',0,0,NULL,NULL,NULL,NULL,0,'2026-04-06 11:28:34',0,1);
INSERT INTO "_emdash_fields" ("id","collection_id","slug","label","type","column_type","required","unique","default_value","validation","widget","options","sort_order","created_at","searchable","translatable") VALUES('01KNH8TDQ4P0G5S5QKW7MJ45GW','01KNH8TBNKZA5GZY2KXEBAD040','answer','Answer','text','TEXT',0,0,NULL,NULL,NULL,NULL,1,'2026-04-06 11:28:35',0,1);
INSERT INTO "_emdash_fields" ("id","collection_id","slug","label","type","column_type","required","unique","default_value","validation","widget","options","sort_order","created_at","searchable","translatable") VALUES('01KNH8TFN0RBQ9K1THBV6X9N1R','01KNH8TE5AQE3MW6GRGAP29TV9','title','Service Title','string','TEXT',0,0,NULL,NULL,NULL,NULL,0,'2026-04-06 11:28:37',0,1);
INSERT INTO "_emdash_fields" ("id","collection_id","slug","label","type","column_type","required","unique","default_value","validation","widget","options","sort_order","created_at","searchable","translatable") VALUES('01KNH8TG5MH61A6P22CKE0CRWD','01KNH8TE5AQE3MW6GRGAP29TV9','description','Description','text','TEXT',0,0,NULL,NULL,NULL,NULL,1,'2026-04-06 11:28:37',0,1);
INSERT INTO "_emdash_fields" ("id","collection_id","slug","label","type","column_type","required","unique","default_value","validation","widget","options","sort_order","created_at","searchable","translatable") VALUES('01KNH8TGKNGZ7Y3E493EPKNCFW','01KNH8TE5AQE3MW6GRGAP29TV9','duration','Duration','string','TEXT',0,0,NULL,NULL,NULL,NULL,2,'2026-04-06 11:28:38',0,1);
INSERT INTO "_emdash_fields" ("id","collection_id","slug","label","type","column_type","required","unique","default_value","validation","widget","options","sort_order","created_at","searchable","translatable") VALUES('01KNH8TH2HQE9HESWHPPJS0FJG','01KNH8TE5AQE3MW6GRGAP29TV9','format','Format','string','TEXT',0,0,NULL,NULL,NULL,NULL,3,'2026-04-06 11:28:38',0,1);
INSERT INTO "_emdash_fields" ("id","collection_id","slug","label","type","column_type","required","unique","default_value","validation","widget","options","sort_order","created_at","searchable","translatable") VALUES('01KNH8THFXSK0G7FW9H0C9QCJS','01KNH8TE5AQE3MW6GRGAP29TV9','price','Price','string','TEXT',0,0,NULL,NULL,NULL,NULL,4,'2026-04-06 11:28:38',0,1);
INSERT INTO "_emdash_fields" ("id","collection_id","slug","label","type","column_type","required","unique","default_value","validation","widget","options","sort_order","created_at","searchable","translatable") VALUES('01KNH8THWJF8E4V0KGB2BR6JWC','01KNH8TE5AQE3MW6GRGAP29TV9','sort_order','Sort Order','number','REAL',0,0,NULL,NULL,NULL,NULL,5,'2026-04-06 11:28:39',0,1);
INSERT INTO "_emdash_fields" ("id","collection_id","slug","label","type","column_type","required","unique","default_value","validation","widget","options","sort_order","created_at","searchable","translatable") VALUES('01KNH8TKQGTJCTH0BKDC8S0Y84','01KNH8TJAJNHCXR6K65VESMK7X','title','Title','string','TEXT',0,0,NULL,NULL,NULL,NULL,0,'2026-04-06 11:28:41',0,1);
INSERT INTO "_emdash_fields" ("id","collection_id","slug","label","type","column_type","required","unique","default_value","validation","widget","options","sort_order","created_at","searchable","translatable") VALUES('01KNH8TM5CF8R1489D98S61JFP','01KNH8TJAJNHCXR6K65VESMK7X','name','Name','string','TEXT',0,0,NULL,NULL,NULL,NULL,1,'2026-04-06 11:28:41',0,1);
INSERT INTO "_emdash_fields" ("id","collection_id","slug","label","type","column_type","required","unique","default_value","validation","widget","options","sort_order","created_at","searchable","translatable") VALUES('01KNH8TMMX1KT6WAS3T1SXSWYA','01KNH8TJAJNHCXR6K65VESMK7X','email','Email','string','TEXT',0,0,NULL,NULL,NULL,NULL,2,'2026-04-06 11:28:42',0,1);
INSERT INTO "_emdash_fields" ("id","collection_id","slug","label","type","column_type","required","unique","default_value","validation","widget","options","sort_order","created_at","searchable","translatable") VALUES('01KNH8TN305TZQQEZNM41M9SEN','01KNH8TJAJNHCXR6K65VESMK7X','phone','Phone','string','TEXT',0,0,NULL,NULL,NULL,NULL,3,'2026-04-06 11:28:42',0,1);
INSERT INTO "_emdash_fields" ("id","collection_id","slug","label","type","column_type","required","unique","default_value","validation","widget","options","sort_order","created_at","searchable","translatable") VALUES('01KNH8TNM8K92M50BM2D52KF2K','01KNH8TJAJNHCXR6K65VESMK7X','message','Message','text','TEXT',0,0,NULL,NULL,NULL,NULL,4,'2026-04-06 11:28:43',0,1);
INSERT INTO "_emdash_fields" ("id","collection_id","slug","label","type","column_type","required","unique","default_value","validation","widget","options","sort_order","created_at","searchable","translatable") VALUES('01KNH8TP3HX9YG5P5Q84MR350M','01KNH8TJAJNHCXR6K65VESMK7X','read_status','Status','string','TEXT',0,0,NULL,NULL,NULL,NULL,5,'2026-04-06 11:28:43',0,1);
INSERT INTO "_emdash_menus" ("id","name","label","created_at","updated_at") VALUES('01KNH8TPGJY0AZV4SMGV6CVE07','primary','Primary Navigation','2026-04-06T11:28:44.050Z','2026-04-06T11:28:44.050Z');
INSERT INTO "_emdash_menu_items" ("id","menu_id","parent_id","sort_order","type","reference_collection","reference_id","custom_url","label","title_attr","target","css_classes","created_at") VALUES('01KNH938GZYZEJDSW61EEZ1M3S','01KNH8TPGJY0AZV4SMGV6CVE07',NULL,0,'custom',NULL,NULL,'#about','About',NULL,NULL,NULL,'2026-04-06T11:33:24.639Z');
INSERT INTO "_emdash_menu_items" ("id","menu_id","parent_id","sort_order","type","reference_collection","reference_id","custom_url","label","title_attr","target","css_classes","created_at") VALUES('01KNH938KF3QMW5YE8Y0D1C8AE','01KNH8TPGJY0AZV4SMGV6CVE07',NULL,1,'custom',NULL,NULL,'#testimonials','Testimonials',NULL,NULL,NULL,'2026-04-06T11:33:24.719Z');
INSERT INTO "_emdash_menu_items" ("id","menu_id","parent_id","sort_order","type","reference_collection","reference_id","custom_url","label","title_attr","target","css_classes","created_at") VALUES('01KNH938PRD2H2W2ANCMMKK663','01KNH8TPGJY0AZV4SMGV6CVE07',NULL,2,'custom',NULL,NULL,'#services','Services',NULL,NULL,NULL,'2026-04-06T11:33:24.824Z');
INSERT INTO "_emdash_menu_items" ("id","menu_id","parent_id","sort_order","type","reference_collection","reference_id","custom_url","label","title_attr","target","css_classes","created_at") VALUES('01KNH938S4E3F1JZJ1WM25KBNF','01KNH8TPGJY0AZV4SMGV6CVE07',NULL,3,'custom',NULL,NULL,'#faq','FAQ',NULL,NULL,NULL,'2026-04-06T11:33:24.900Z');
INSERT INTO "_emdash_menu_items" ("id","menu_id","parent_id","sort_order","type","reference_collection","reference_id","custom_url","label","title_attr","target","css_classes","created_at") VALUES('01KNH938VPQY7Y5VSRGGGRCQHM','01KNH8TPGJY0AZV4SMGV6CVE07',NULL,4,'custom',NULL,NULL,'#contact','Contact',NULL,NULL,NULL,'2026-04-06T11:33:24.982Z');
INSERT INTO "_emdash_taxonomy_defs" ("id","name","label","label_singular","hierarchical","collections","created_at") VALUES('taxdef_category','category','Categories','Category',1,'["posts"]','2026-04-06 11:19:20');
INSERT INTO "_emdash_taxonomy_defs" ("id","name","label","label_singular","hierarchical","collections","created_at") VALUES('taxdef_tag','tag','Tags','Tag',0,'["posts"]','2026-04-06 11:19:20');
INSERT INTO "users" ("id","email","name","avatar_url","role","email_verified","data","created_at","updated_at","disabled") VALUES('01KNH93VTN7JVG5VMRE6NXCFW7','vince@bidviewmarketing.com','Vince',NULL,50,0,NULL,'2026-04-06T11:33:44.405Z','2026-04-06T11:33:44.405Z',0);
INSERT INTO "credentials" ("id","user_id","public_key","counter","device_type","backed_up","transports","name","created_at","last_used_at") VALUES('5MsPO-TOZNqqyPv2CL_HZA','01KNH93VTN7JVG5VMRE6NXCFW7',X'049dadc49645954aaa3b522f20f5142703184b6bc19f71627eab032e886e6b0d8949b8df9e664307ba802b4a08e0aa0a6b2659804044c522c6770ff428a9a2a67a',0,'singleDevice',0,'["hybrid","internal"]','Setup passkey','2026-04-06T11:33:44.568Z','2026-04-06T11:34:08.296Z');
INSERT INTO "auth_challenges" ("challenge","type","user_id","data","expires_at","created_at") VALUES('led4rKl2I3IPz16nAB12p3HHup8GcP9oO0RNW95cJgk','registration','setup-1775475214857',NULL,'2026-04-06T11:38:34.857Z','2026-04-06 11:33:34');
INSERT INTO "auth_challenges" ("challenge","type","user_id","data","expires_at","created_at") VALUES('IzhX9hKpB-U3RU1SpPCyArfA0m1d0YZYVJZ8D4IQtyo','authentication',NULL,NULL,'2026-04-06T11:39:08.214Z','2026-04-06 11:34:08');
INSERT INTO "_emdash_rate_limits" ("key","window","count") VALUES('2001:4455:165:b00:20ed:8a7d:3342:474d:passkey/options','2026-04-06T11:33:00.000Z',1);
INSERT INTO "_emdash_rate_limits" ("key","window","count") VALUES('2001:4455:165:b00:20ed:8a7d:3342:474d:passkey/options','2026-04-06T11:34:00.000Z',1);
